hcat,n_estonia,n_latvia,n_portugal,n_total,hcat_name,crop_name,level,share_pct,n_countries
3302000000,84057,215020,16442,315519,pasture_meadow_grassland_grass,pasture meadow grassland grass,3,44.6478831385501,3
3301010101,13722,50603,0,64325,winter_common_soft_wheat,winter common soft wheat,6,9.102383954333131,2
3301010500,6911,22792,933,30636,oats,oats,5,4.335182818887676,3
3399000000,234,11,29328,29573,not_known_and_other,not known and other,3,4.184761767298775,3
3301010102,5522,21524,0,27046,spring_common_soft_wheat,spring common soft wheat,6,3.827175692637293,2
3301010402,10736,12934,0,23670,spring_barley,spring barley,6,3.3494508853333107,2
3301990000,11,19049,2490,21550,other_arable_land_crops,other arable land crops,4,3.0494578191353123,3
3301110000,1918,17000,1748,20666,fallow_land_not_crop,fallow land not crop,4,2.924366370777279,3
3303050000,0,0,18692,18692,olive_plantations,olive plantations,4,2.6450332044212184,1
3301060401,6011,11836,0,17847,winter_rapeseed_rape,winter rapeseed rape,6,2.525460496431922,2
3301090303,6875,6461,3,13339,clover,clover,6,1.887550712271273,3
3301090300,13145,0,1,13146,legumes_harvested_green,legumes harvested green,5,1.860240022754191,2
3301030000,3423,8653,525,12601,potatoes,potatoes,4,1.7831191637551773,3
3301010300,1427,6357,282,8066,rye,rye,5,1.1413887131854028,3
3301010600,852,2215,4471,7538,grain_maize_corn_popcorn,grain maize corn popcorn,5,1.066673458962505,3
3301020600,4209,2935,18,7162,peas,peas,5,1.0134671415613508,3
3301150200,1140,4470,0,5610,buckwheat,buckwheat,5,0.7938495761182879,2
3301020100,1719,3569,188,5476,beans,beans,5,0.7748877502359616,3
3303060000,38,42,5351,5431,vineyards_wine_vine_rebland_grapes,vineyards wine vine rebland grapes,4,0.7685199728874191,3
3301070000,1569,833,1972,4374,fresh_vegetables,fresh vegetables,4,0.6189479582783228,3
3301090100,0,0,4215,4215,temporary_grass,temporary grass,5,0.5964484783134729,1
3301010401,2245,1568,0,3813,winter_barley,winter barley,6,0.539563000666494,2
3303030500,0,0,3707,3707,sweet_chestnuts,sweet chestnuts,5,0.5245633473565942,1
3303020000,15,3245,0,3260,berries_berry_species,berries berry species,4,0.4613100923610728,2
3301090301,1240,1845,13,3098,alfalfa_lucerne,alfalfa lucerne,6,0.4383860939063201,3
3303010200,383,2098,332,2813,apples,apples,5,0.3980568373655515,3
3301060403,48,2076,0,2124,summer_rapeseed_rape,summer rapeseed rape,6,0.300559090851202,2
3306060000,0,0,2106,2106,oak,oak,4,0.2980119799117851,1
3301010801,533,1309,0,1842,winter_triticale,winter triticale,6,0.2606543528003362,2
3301011500,127,1687,0,1814,unspecified_cereals,unspecified cereals,5,0.25669218022790985,2
3301130000,827,681,4,1512,strawberries,strawberries,4,0.21395731891102518,3
3303010000,828,0,446,1274,orchards_fruits,orchards fruits,4,0.18027885204540084,2
3301060402,1236,0,0,1236,spring_rapeseed_rape,spring rapeseed rape,6,0.17490161783996502,1
3301061400,0,1075,0,1075,phacelia,phacelia,5,0.15211912554851326,1
3303080700,0,0,967,967,wire_bush,wire bush,5,0.13683645991201146,1
3303020800,322,632,0,954,hippophae_sea_buckthorns_seaberry,hippophae sea buckthorns seaberry,5,0.13499687978909922,2
3303020300,272,627,0,899,blackcurrant_cassis,blackcurrant cassis,5,0.12721404080754736,2
3301020000,831,0,0,831,legumes_dried_pulses_protein_crops,legumes dried pulses protein crops,4,0.11759162170308328,1
3303120000,0,0,819,819,unspecified_permanent_crops,unspecified permanent crops,4,0.11589354774347196,1
3303011200,25,143,558,726,pears,pears,5,0.10273347455648431,3
3306000000,3,3,706,712,tree_wood_forest,tree wood forest,3,0.10075238827027111,3
3303020600,1,689,0,690,currants,currants,5,0.09763925267765038,2
3301061200,116,532,10,658,aromatic_medicinal_culinary_plants_spices_herbs,aromatic medicinal culinary plants spices herbs,5,0.09311105545202021,3
3303021000,296,358,2,656,raspberry_raspberries,raspberry raspberries,5,0.09282804312541833,3
3301090205,83,157,339,579,lolium_ryegrass,lolium ryegrass,6,0.08193206855124575,3
3303000000,0,437,96,533,permanent_crops_perennial,permanent crops perennial,3,0.07542278503940239,2
3301061001,522,0,0,522,finola,finola,6,0.07386621724309202,1
3301220200,92,418,5,515,garlic,garlic,5,0.07287567409998542,3
3303011500,12,467,11,490,quinces,quinces,5,0.06933802001746187,3
3301210100,209,263,1,473,mustard,mustard,5,0.06693241524134584,3
3301090304,446,0,0,446,melilot,melilot,6,0.06311174883222039,1
3303030000,0,0,426,426,nuts,nuts,4,0.060281625566201535,1
3301210200,41,237,73,351,brassica_oleracea_cabbage,brassica oleracea cabbage,5,0.049668663318630846,3
3303020400,93,237,19,349,blueberry,blueberry,5,0.049385650992028955,3
3303030100,0,0,345,345,almond,almond,5,0.04881962633882519,1
3301010802,195,138,0,333,spring_triticale,spring triticale,6,0.04712155237921388,2
3301140400,59,0,249,308,pumpkin_squash_gourd,pumpkin squash gourd,5,0.043583898296690314,2
3303010400,15,138,153,306,cherry_cherries,cherry cherries,5,0.04330088597008843,3
3301090209,0,304,0,304,timothy,timothy,6,0.04301787364348654,1
3301290300,83,201,18,302,carrots_daucus,carrots daucus,5,0.042734861316884656,3
3301010700,0,0,271,271,rice,rice,5,0.03834817025455544,1
3301220000,0,262,0,262,alliums,alliums,4,0.03707461478484696,1
3303040000,0,0,255,255,citrus_plantations,citrus plantations,4,0.03608407164174036,1
3301140000,0,251,0,251,cucurbits,cucurbits,4,0.035518046988536583,1
3303070000,76,148,4,228,nurseries_nursery,nurseries nursery,4,0.03226340523261491,3
3306080000,5,206,0,211,willows_osiers,willows osiers,4,0.029857800456498884,2
3301081900,23,174,0,197,galega,galega,5,0.027876714170285685,2
3301290200,72,119,1,192,beetroot_beets,beetroot beets,5,0.027169183353780973,3
3301010100,0,0,190,190,common_soft_wheat,common soft wheat,5,0.02688617102717909,1
3301061000,11,179,0,190,hemp_cannabis,hemp cannabis,5,0.02688617102717909,2
3301090202,0,181,0,181,festuca_fescue,festuca fescue,6,0.025612615557470606,1
3303011300,19,89,39,147,plums,plums,5,0.020801406005238558,3
3301019900,21,0,125,146,other_cereals,other cereals,5,0.020659899841937616,2
3301290400,12,128,0,140,mangelwurzel_fodder_beet,mangelwurzel fodder beet,5,0.01981086286213196,2
3301061203,17,120,0,137,anethum_dill,anethum dill,6,0.019386344372229133,2
3301011001,0,130,0,130,winter_spelt,winter spelt,6,0.018395801229122533,1
3301010900,14,0,95,109,millet_sorghum,millet sorghum,5,0.01542417179980274,2
3301020700,0,41,67,108,sweet_lupins,sweet lupins,5,0.015282665636501798,2
3301230000,24,81,0,105,rhubarb,rhubarb,4,0.01485814714659897,2
3303020500,15,89,0,104,cranberry,cranberry,5,0.014716640983298028,2
3303020100,36,64,0,100,aronia_chokeberries,aronia chokeberries,5,0.014150616330094257,2
3303010700,0,0,97,97,kiwi,kiwi,5,0.01372609784019143,1
3301160000,0,89,0,89,soy_soybeans,soy soybeans,4,0.012594048533783889,1
3301280000,8,9,70,87,tomato,tomato,4,0.012311036207182003,3
3301061215,77,9,0,86,coriander,coriander,6,0.012169530043881062,2
3301140100,55,31,0,86,cucumber_pickle,cucumber pickle,5,0.012169530043881062,2
3301061211,0,84,0,84,caraway,caraway,6,0.011886517717279176,1
3306020000,0,80,0,80,aspen,aspen,4,0.011320493064075406,1
3301210212,78,0,0,78,white_cabbage,white cabbage,6,0.01103748073747352,1
3301220400,63,0,15,78,onions,onions,5,0.01103748073747352,2
3301090305,10,67,0,77,vetches,vetches,6,0.010895974574172579,2
3301010400,0,0,69,69,barley,barley,5,0.009763925267765037,1
3301210500,25,38,0,63,swede_rutabaga,swede rutabaga,5,0.008914888287959381,2
3301290600,6,56,0,62,radish,radish,5,0.00877338212465844,2
3301011000,62,0,0,62,spelt,spelt,5,0.00877338212465844,1
3301290800,28,7,25,60,turnips,turnips,5,0.008490369798056554,3
3303011100,0,0,58,58,peach,peach,5,0.008207357471454669,1
3303010600,0,30,27,57,fig,fig,5,0.008065851308153727,2
3301061213,7,49,0,56,chamomile,chamomile,6,0.007924345144852784,2
3301061300,42,12,0,54,marian_thistles,marian thistles,5,0.007641332818250899,2
3303080500,23,29,0,52,honeysuckle,honeysuckle,5,0.007358320491649014,2
3301180000,25,27,0,52,topinambur_jerusalem_artichoke,topinambur jerusalem artichoke,4,0.007358320491649014,2
3301061208,50,0,0,50,black_cumin,black cumin,6,0.0070753081650471285,1
3301060702,27,20,0,47,flax_linseed_oil,flax linseed oil,6,0.0066507896751443005,2
3301061227,5,33,0,38,parsly,parsly,6,0.0053772342054358175,2
3303021100,37,0,0,37,redcurrant,redcurrant,5,0.005235728042134875,1
3301210204,5,31,0,36,cauliflower,cauliflower,6,0.005094221878833932,2
3301020300,0,36,0,36,esparsette_onobrychis,esparsette onobrychis,5,0.005094221878833932,1
3301011400,0,32,0,32,canary_seed_canaryseed,canary seed canaryseed,5,0.004528197225630162,1
3301010800,0,0,29,29,triticale,triticale,5,0.0041036787357273345,1
3301310700,0,29,0,29,sorrel,sorrel,5,0.0041036787357273345,1
3303021300,2,26,0,28,rowan_rowanberries,rowan rowanberries,5,0.003962172572426392,2
3301082600,0,27,0,27,lotus,lotus,5,0.0038206664091254496,1
3306050000,0,0,27,27,eucalyptus,eucalyptus,4,0.0038206664091254496,1
3301080000,18,0,8,26,flowers_ornamental_plants,flowers ornamental plants,4,0.003679160245824507,2
3301200000,6,20,0,26,aspargus,aspargus,4,0.003679160245824507,2
3301060500,14,0,11,25,sunflower,sunflower,5,0.0035376540825235643,2
3301069900,23,0,0,23,other_industrial_crops,other industrial crops,5,0.0032546417559216794,1
3303020700,5,15,0,20,gooseberry_gooseberries_cranberries,gooseberry gooseberries cranberries,5,0.0028301232660188514,2
3301061209,7,13,0,20,borage,borage,6,0.0028301232660188514,2
3301020200,2,0,16,18,chickpeas,chickpeas,5,0.002547110939416966,2
3301061210,11,7,0,18,calendula_marigold,calendula marigold,6,0.002547110939416966,2
3301310000,7,6,5,18,salads_lettuce_leaf_vegetables,salads lettuce leaf vegetables,4,0.002547110939416966,3
3301140300,1,9,7,17,melon,melon,5,0.002405604776116024,3
3301290500,10,7,0,17,parsnips,parsnips,5,0.002405604776116024,2
3301040000,0,0,16,16,sweet_potatoes,sweet potatoes,4,0.002264098612815081,1
3303990000,11,0,5,16,other_permanent_crops_plantations,other permanent crops plantations,4,0.002264098612815081,2
3301011002,0,15,0,15,spring_spelt,spring spelt,6,0.0021225924495141386,1
3303030200,1,0,12,13,hazelnuts_hazel,hazelnuts hazel,5,0.0018395801229122535,2
3303020200,0,12,1,13,blackberry,blackberry,5,0.0018395801229122535,2
3301061219,2,10,0,12,lavender_lavandula,lavender lavandula,6,0.0016980739596113108,2
3301220300,4,8,0,12,leek,leek,5,0.0016980739596113108,2
3301210400,1,10,0,11,horseradish,horseradish,5,0.0015565677963103684,2
3301081400,11,0,0,11,dandelions,dandelions,5,0.0015565677963103684,1
3301081700,10,0,0,10,fiddleneck_amsinckia,fiddleneck amsinckia,5,0.0014150616330094257,1
3301061222,8,0,0,8,mints_peppermint,mints peppermint,6,0.0011320493064075406,1
3303080400,0,8,0,8,elder_elderberry,elder elderberry,5,0.0011320493064075406,1
3301310800,0,6,1,7,spinach,spinach,5,0.000990543143106598,2
3301060701,0,7,0,7,flax_linen,flax linen,6,0.000990543143106598,1
3301250000,3,4,0,7,celery,celery,4,0.000990543143106598,2
3301210208,6,0,0,6,kale,kale,6,0.0008490369798056554,1
3301061600,6,0,0,6,onobrychis_sainfoins,onobrychis sainfoins,5,0.0008490369798056554,1
3301210202,4,0,0,4,broccoli,broccoli,6,0.0005660246532037703,1
3303010300,0,0,4,4,apricots,apricots,5,0.0005660246532037703,1
3301140600,0,0,4,4,zucchini_courgette,zucchini courgette,5,0.0005660246532037703,1
3304030000,3,0,0,3,sida_virginia_mallow,sida virginia mallow,4,0.0004245184899028277,1
3303011400,0,0,3,3,pomegranate,pomegranate,5,0.0004245184899028277,1
3301140500,1,0,2,3,watermelon,watermelon,5,0.0004245184899028277,2
3301061228,0,0,3,3,piper_pepper,piper pepper,6,0.0004245184899028277,1
3301083700,3,0,0,3,roses,roses,5,0.0004245184899028277,1
3301081000,3,0,0,3,cornflowers,cornflowers,5,0.0004245184899028277,1
3301300100,2,1,0,3,bell_pepper_paprika,bell pepper paprika,5,0.0004245184899028277,2
3301061223,3,0,0,3,moldavian_dragonhead,moldavian dragonhead,6,0.0004245184899028277,1
3301290700,3,0,0,3,sugar_beet,sugar beet,5,0.0004245184899028277,1
3301090208,0,2,0,2,switchgrass,switchgrass,6,0.00028301232660188515,1
3301061212,2,0,0,2,catnip,catnip,6,0.00028301232660188515,1
3303030400,0,0,2,2,pistachio,pistachio,5,0.00028301232660188515,1
3301060200,2,0,0,2,hops,hops,5,0.00028301232660188515,1
3301310200,1,1,0,2,chicory_chicories,chicory chicories,5,0.00028301232660188515,2
3301250200,2,0,0,2,leaf_celery,leaf celery,5,0.00028301232660188515,1
3301120000,2,0,0,2,kitchen_gardens,kitchen gardens,4,0.00028301232660188515,1
3303100000,0,0,2,2,avocado,avocado,4,0.00028301232660188515,1
3301170000,2,0,0,2,fennel,fennel,4,0.00028301232660188515,1
3301061204,1,0,0,1,angelica,angelica,6,0.00014150616330094258,1
3301020500,1,0,0,1,lentils,lentils,5,0.00014150616330094258,1
3301061205,1,0,0,1,anise_aniseed,anise aniseed,6,0.00014150616330094258,1
3301060800,0,0,1,1,oilseed_crops,oilseed crops,5,0.00014150616330094258,1
3301060400,0,0,1,1,rapeseed_rape,rapeseed rape,5,0.00014150616330094258,1
3301210300,0,0,1,1,cress,cress,5,0.00014150616330094258,1
3301061239,1,0,0,1,yarrow,yarrow,6,0.00014150616330094258,1
3301061220,1,0,0,1,lemon_balm_melissa,lemon balm melissa,6,0.00014150616330094258,1
3301061226,1,0,0,1,oregano,oregano,6,0.00014150616330094258,1
3301061234,1,0,0,1,st_johns_wort,st johns wort,6,0.00014150616330094258,1
3301083500,1,0,0,1,primrose,primrose,5,0.00014150616330094258,1
3301260000,0,0,1,1,aubergine_eggplant,aubergine eggplant,4,0.00014150616330094258,1
3301310400,1,0,0,1,iceberg,iceberg,5,0.00014150616330094258,1
